Names;lastNames;email;alergias;numero_alergias
Juan;Gómez;juangomez1@example.com;Huevo;1
María;García;mariagarcia2@example.com;Cacahuetes;1
Carlos;Hernández;carloshernandez3@example.com;Nueces;1
Laura;López;lauralopez4@example.com;Almendras;1
Pedro;Martínez;pedromartinez5@example.com;Soya;1
Ana;Rodríguez;anarodriguez6@example.com;Pescado;1
Luis;Torres;luistorres7@example.com;Mariscos;1
Andrea;Hernández;andreahernandez8@example.com;Huevo;1
Gabriel;González;gabrielgonzalez9@example.com;Soya;1
Sofía;Rodríguez;sofia.rodriguez10@example.com;Pescado;1
Diego;Gómez;diegogomez11@example.com;Mariscos;1
Valentina;López;valentinalopez12@example.com;Huevo;1
Andrés;Torres;andrestorres13@example.com;Soya;1
Camila;Hernández;camilahernandez14@example.com;Pescado;1
Javier;García;javiergarcia15@example.com;Mariscos;1
Daniela;López;danielalopez16@example.com;Huevo;1
Eduardo;González;eduardogonzalez17@example.com;Soya;1
Valeria;Martínez;valeriamartinez18@example.com;Pescado;1
Alejandro;Rodríguez;alejandrorodriguez19@example.com;Mariscos;1
Carolina;Gómez;carolinagomez20@example.com;Huevo;1
Javier;García;javiergarcia21@example.com;Gluten;1
Daniela;Martínez;danielamartinez22@example.com;Lactosa;1
Carlos;Gómez;carlosgomez23@example.com;Cacahuetes;1
María;Hernández;mariahernandez24@example.com;Nueces;1
Andrés;González;andresgonzalez25@example.com;Almendras;1
Laura;Torres;lauratorres26@example.com;Soya;1
Gabriela;López;gabrielalopez27@example.com;Pescado;1
Sergio;Rodríguez;sergiorodriguez28@example.com;Mariscos;1
Valeria;García;valeriagarcia29@example.com;Huevo;1
Manuel;Hernández;manuelhernandez30@example.com;Cacahuetes;1
Sara;Martínez;saramartinez31@example.com;Nueces;1
Gonzalo;Gómez;gonzalogomez32@example.com;Almendras;1
Carolina;Torres;carolinatorres33@example.com;Soya;1
Roberto;González;robertogonzalez34@example.com;Pescado;1
Valentina;López;valentinalopez35@example.com;Mariscos;1
Ricardo;Hernández;ricardohernandez36@example.com;Huevo;1
Isabel;García;isabelgarcia37@example.com;Soya;1
Luis;Rodríguez;luisrodriguez38@example.com;Pescado;1
Elena;Martínez;elenamartinez39@example.com;Mariscos;1
Pedro;Gómez;pedrogomez40@example.com;Huevo;1
José;González;josegonzalez41@example.com;Cacahuetes;1
Carmen;Sánchez;carmensanchez42@example.com;Nueces;1
Antonio;López;antoniolopez43@example.com;Almendras;1
Marta;Gómez;martagomez44@example.com;Soya;1
Roberto;Hernández;robertohernandez45@example.com;Pescado;1
Patricia;Torres;patriciatorres46@example.com;Mariscos;1
Jorge;García;jorgegarcia47@example.com;Huevo;1
Beatriz;Martínez;beatrizmartinez48@example.com;Soya;1
Raúl;González;raulgonzalez49@example.com;Pescado;1
Elena;López;elenalopez50@example.com;Mariscos;1
Francisco;Hernández;franciscohernandez51@example.com;Huevo;1
Lucía;Gómez;luciagomez52@example.com;Cacahuetes;1
Manuel;Torres;manueltorres53@example.com;Nueces;1
Sara;García;saragarcia54@example.com;Almendras;1
Alejandro;Martínez;alejandromartinez55@example.com;Soya;1
Ana;González;anagonzalez56@example.com;Pescado;1
Diego;López;diegolopez57@example.com;Mariscos;1
María;Hernández;mariahernandez58@example.com;Huevo;1
Carlos;García;carlosgarcia59@example.com;Soya;1
Laura;Martínez;lauramartinez60@example.com;Pescado;1
Adrián;Vargas;adrianvargas61@example.com;Gluten;1
Catalina;Pérez;catalinaperez62@example.com;Lactosa;1
Mateo;Navarro;mateonavarro63@example.com;Cacahuetes;1
Valentina;Cortés;valentinacortes64@example.com;Nueces;1
Leonardo;Molina;leonardomolina65@example.com;Almendras;1
Diana;Soto;dianasoto66@example.com;Soya;1
Rafael;Vega;rafaelvega67@example.com;Pescado;1
Carolina;Montes;carolinamontes68@example.com;Mariscos;1
Gabriel;Santos;gabrielsantos69@example.com;Huevo;1
Luciana;Ortega;lucianaortega70@example.com;Cacahuetes;1
Luisa;Rojas;luisarojas71@example.com;Nueces;1
Javier;Guerra;javierguerra72@example.com;Almendras;1
María;Silva;mariasilva73@example.com;Soya;1
Daniel;Méndez;danielmendez74@example.com;Pescado;1
Sofía;Vargas;sofiavargas75@example.com;Mariscos;1
Lorenzo;Cortés;lorenzocortes76@example.com;Huevo;1
Mariana;López;marianalopez77@example.com;Soya;1
Sebastián;Santos;sebastiansantos78@example.com;Pescado;1
Valeria;Montes;valeriamontes79@example.com;Mariscos;1
Joaquín;Vega;joaquinvega80@example.com;Huevo;1
Isabella;Morales;isabellamorales81@example.com;Cacahuetes;1
Andrés;Cruz;andrescruz82@example.com;Nueces;1
Valeria;Herrera;valeriaherrera83@example.com;Almendras;1
Miguel;Santos;miguelsantos84@example.com;Soya;1
Florencia;Cortés;florenciacortes85@example.com;Pescado;1
Emilio;Rojas;emiliorojas86@example.com;Mariscos;1
Martina;Vega;martinavega87@example.com;Huevo;1
Valentín;Montes;valentinmontes88@example.com;Soya;1
Isabel;Silva;isabelsilva89@example.com;Pescado;1
Maximiliano;Guerra;maximilianoguerra90@example.com;Mariscos;1
Luna;Vargas;lunavargas91@example.com;Huevo;1
Emiliano;Soto;emilianosoto92@example.com;Cacahuetes;1
Camila;Molina;camilamolina93@example.com;Nueces;1
Benjamín;Ortega;benjaminortega94@example.com;Almendras;1
Victoria;Rojas;victoriarojas95@example.com;Soya;1
Gabriela;Vega;gabrielavega96@example.com;Pescado;1
Matías;Cortés;matiascortes97@example.com;Mariscos;1
Julieta;López;julietalopez98@example.com;Huevo;1
Santiago;Herrera;santiagoherrera99@example.com;Soya;1
Emilia;Montes;emiliamontes100@example.com;Pescado;NA
Gabriel;Gómez;gabrielgomez101@example.com;Aceitunas, Tomates frescos;2
Valentina;Suárez;valentinasuarez102@example.com;Queso parmesano, Pescado;2
Alejandro;Castillo;alejandrocastillo103@example.com;Leche condensada, Huevo;2
Ana;Navarro;ananavarro104@example.com;Mostaza, Mariscos;2
Lucas;Peralta;lucasperalta105@example.com;Vinagre balsámico, Cacahuetes;2
Martina;Rojas;martinarojas106@example.com;Almendras, Salsa de tomate;2
Daniel;Ortega;danielortega107@example.com;Vinagre de vino tinto, Salsa de chile;2
Catalina;Flores;catalinaflores108@example.com;Camarones, Aceite de oliva;2
Diego;Mendoza;diegomendoza109@example.com;Vinagre de arroz, Cebolla;2
Sofía;Vargas;sofiavargas110@example.com;Salsa de enchilada, Pollo;2
Carlos;Hernández;carloshernandez111@example.com;Salsa de jalapeño, Ternera;2
Antonella;Soto;antonellasoto112@example.com;Salsa de tamarindo, Cerdo;2
Luis;González;luisgonzalez113@example.com;Salsa de chipotle, Pescado;2
Isabella;Silva;isabellasilva114@example.com;Salsa hoisin, Mariscos;2
Juan;Torres;juantorres115@example.com;Salsa de soja, Huevo;2
Carolina;Molina;carolinamolina116@example.com;Salsa de tomate, Aceitunas;2
Samuel;Cabrera;samuelcabrera117@example.com;Leche condensada, Queso parmesano;2
Victoria;Vega;victoriavega118@example.com;Mostaza, Cacahuetes;2
Julián;Rojas;julianrojas119@example.com;Vinagre de vino tinto, Tomates frescos;2
Mariana;López;marianalopez101@example.com;Pimiento, Almejas;2
Sebastián;García;sebastiangarcia102@example.com;Salsa de queso, Cacahuetes;2
Camila;Ramírez;camilaramirez103@example.com;Vinagre de manzana, Pavo;2
Mateo;Herrera;mateoherrera104@example.com;Salsa de jalapeño, Cerdo;2
Isabel;Muñoz;isabelmunoz105@example.com;Leche de coco, Chorizo;2
Nicolás;Cortés;nicolascortes106@example.com;Vino tinto, Almendras;2
Valeria;Sánchez;valeriasanchez107@example.com;Vinagre de sidra, Salsa de chile;2
Emilio;Hernández;emiliohernandez108@example.com;Aceite de oliva, Tomates frescos;2
Renata;González;renatagonzalez109@example.com;Vinagre de arroz, Bacon;2
Leonardo;Gómez;leonardogomez110@example.com;Salsa de enchilada, Mejillones;2
María;Pérez;mariaperez111@example.com;Salsa de chipotle, Ternera;2
Santiago;Silva;santiagosilva112@example.com;Salsa de tamarindo, Pollo;2
Valentina;Castro;valentinacastro113@example.com;Salsa hoisin, Salchichas;2
Gabriel;Ortega;gabrielortega114@example.com;Salsa de soja, Langostinos;2
Julieta;Luna;julietaluna115@example.com;Salsa de tomate, Caldo de pollo;2
Diego;Vega;diegovega116@example.com;Vinagre balsámico, Sal;2
Valeria;Flores;valeriaflores117@example.com;Camarones, Aceitunas;2
Lucas;Rojas;lucasrojas118@example.com;Leche condensada, Caldo de carne;2
Valentina;Molina;valentinamolina119@example.com;Mostaza, Anchoas en conserva;2
Andrés;Fernández;andresfernandez120@example.com;Aceitunas, Calabacín;2
Valentina;Cruz;valentinacruz121@example.com;Pescado, Calamares;2
Luciano;Mendoza;lucianomendoza122@example.com;Vinagre de vino blanco, Pimentón picante;2
Emma;Navarro;emmanavarro123@example.com;Vinagre de vino tinto, Leche evaporada;2
Matías;Ortiz;matiasortiz124@example.com;Salsa de queso, Lentejas;2
Sofía;Ríos;sofiarios125@example.com;Salsa de jalapeño, Zanahorias;2
Benjamín;Cabrera;benjamincabrera126@example.com;Salsa de chile, Berengena;2
Valeria;Vargas;valeriavargas127@example.com;Salsa de tamarindo, Ciruelas pasas;2
Daniel;Acosta;danielacosta128@example.com;Salsa de chipotle, Nuez moscada;2
Isabella;Miranda;isabellamiranda129@example.com;Salsa hoisin, Limoncello;2
Lorenzo;Moreno;lorenzomoreno130@example.com;Salsa de soja, Bacalao;2
Valentina;Gallardo;valentinagallardo131@example.com;Salsa de tomate, Arroz;2
Sebastián;Paredes;sebastianparedes132@example.com;Vino blanco, Cilantro;2
Valeria;Sepúlveda;valeriasepulveda133@example.com;Vino tinto, Espinacas;2
Emilia;Soto;emiliasoto134@example.com;Caldo de pollo, Acelgas;2
Benjamín;Muñoz;benjaminmunoz135@example.com;Caldo de carne, Lechuga;2
Valentina;Salgado;valentinasalgado136@example.com;Miel, Albahaca;2
Matías;Vidal;matiasvidal137@example.com;Mostaza, Tomillo;2
Lucía;Correa;luciacorrea138@example.com;Masa de hojaldre, Romero;2
Gabriel;Hernández;gabrielhernandez140@example.com;Pimiento, Salchichas;2
Martina;Guerrero;martinaguerrero141@example.com;Levadura, Jamón serrano;2
Sebastián;Campos;sebastiancampos142@example.com;Cebolla, Bacon;2
Valentina;Montes;valentinamontes143@example.com;Pollo, Chorizo;2
Luciano;Vega;lucianovega144@example.com;Ternera, Lomo;2
Emma;Olivares;emmaolivares145@example.com;Cerdo, Pescado;2
Matías;Peña;matiaspena146@example.com;Calabaza, Langostinos;2
Sofía;Ponce;sofiaponce147@example.com;Patatas, Almejas;2
Benjamín;Silva;benjaminsilva148@example.com;Zanahorias, Calamares;2
Valeria;Rojas;valeriarojas149@example.com;Brócoli, Pulpo;2
Lorenzo;Vargas;lorenzovargas150@example.com;Calabacín, Aceitunas;2
Valentina;Cortés;valentinacortes151@example.com;Judías verdes, Tomates frescos;2
Benjamín;Araya;benjaminaraya152@example.com;Berengena, Camarones;2
Valeria;Soto;valeriasoto153@example.com;Espinacas, Mejillones;2
Sebastián;Gómez;sebastiangomez154@example.com;Lechuga, Almejas;2
Valentina;Molina;valentinamolina155@example.com;Cebolla tierna, Langostinos;2
Emilia;Castillo;emiliacastillo156@example.com;Pimiento, Calamares;2
Benjamín;Morales;benjaminmorales157@example.com;Salchichas, Aceitunas;2
Valeria;Correa;valeriacorrea158@example.com;Salchichas, Tomates frescos;2
Matías;Vidal;matiasvidal159@example.com;Masa de hojaldre, Calabacín;2
Alejandro;López;alejandrolopez160@example.com;;0
Valentina;García;valentinagarcia161@example.com;;0
Matías;Torres;matiastorres162@example.com;;0
Fernanda;Ortega;fernandaortega163@example.com;;0
Santiago;Rivas;santiagorivas164@example.com;;0
Sofía;Navarro;sofianavarro165@example.com;;0
Gabriel;Camacho;gabrielcamacho166@example.com;;0
Isabella;Santos;isabellasantos167@example.com;;0
Lucas;Vargas;lucasvargas168@example.com;;0
Valentina;Moreno;valentinamoreno169@example.com;;0
Mateo;Silva;mateosilva170@example.com;;0
Martina;Cruz;martinacruz171@example.com;;0
Sebastián;Guerrero;sebastianguerrero172@example.com;;0
Valeria;Pérez;valeriaperez173@example.com;;0
Diego;Hernández;diegohernandez174@example.com;;0
Emma;Gómez;emmagomez175@example.com;;0
Luciano;Fuentes;lucianofuentes176@example.com;;0
Valentina;Muñoz;valentinamunoz177@example.com;;0
Matías;Escobar;matiasescobar178@example.com;;0
Isabella;Herrera;isabellaherrera179@example.com;;0
Gabriel;Vega;gabrielvega180@example.com;;0
Isabella;Romero;isabellaromero181@example.com;;0
Samuel;González;samuelgonzalez182@example.com;;0
Valentina;Rojas;valentinarojas183@example.com;;0
Mateo;Pérez;mateoperez184@example.com;;0
Sofía;Herrera;sofiaherrera185@example.com;;0
Sebastián;Ramírez;sebastianramirez186@example.com;;0
Valeria;Molina;valeriamolina187@example.com;;0
Benjamín;Vargas;benjaminvargas188@example.com;;0
Luciana;Gómez;lucianagomez189@example.com;;0
Diego;Hernández;diegohernandez190@example.com;;0
Emma;Soto;emmasoto191@example.com;;0
Lucas;Herrera;lucasherrera192@example.com;;0
Martina;Muñoz;martinamunoz193@example.com;;0
Joaquín;Silva;joaquinsilva194@example.com;;0
Valentina;Guerrero;valentinaguerrero195@example.com;;0
Benjamín;Mendoza;benjaminmendoza196@example.com;;0
Maite;Castillo;maitecastillo197@example.com;;0
Santiago;Paz;santiagopaz198@example.com;;0
Valeria;Sánchez;valeriasanchez199@example.com;;0
Emilio;Flores;emilioflores200@example.com;;0
Martina;López;martinalopez201@example.com;;0
Matías;Rojas;matiasrojas202@example.com;;0
Sofía;García;sofiagarcia203@example.com;;0
Sebastián;Castro;sebastiancastro204@example.com;;0
Valentina;Soto;valentinasoto205@example.com;;0
Tomás;Molina;tomasmolina206@example.com;;0
Isabella;Vega;isabellavega207@example.com;;0
Matías;Pérez;matiasperez208@example.com;;0
Martina;Herrera;martinaherrera209@example.com;;0
Alejandro;Guzmán;alejandroguzman210@example.com;;0
Adriana;Santos;adrianasantos211@example.com;;0
Javier;Delgado;javierdelgado212@example.com;;0
Camila;Rivas;camilarivas213@example.com;;0
Andrés;Navarro;andresnavarro214@example.com;;0
Carolina;Fuentes;carolinafuentes215@example.com;;0
Fernando;Luna;fernandoluna216@example.com;;0
Catalina;Vargas;catalinavargas217@example.com;;0
Mauricio;Cortés;mauriciocortes218@example.com;;0
Daniela;Mendoza;danielamendoza219@example.com;;0
Miguel;Castro;miguelcastro220@example.com;;0
Laura;Soto;laurasoto221@example.com;;0
Gustavo;Hernández;gustavohernandez222@example.com;;0
Daniela;Muñoz;danielamunoz223@example.com;;0
José;Silva;josesilva224@example.com;;0
Carolina;Guerrero;carolinaguerrero225@example.com;;0
Juan;Mendoza;juanmendoza226@example.com;;0
Ana;Castillo;anacastillo227@example.com;;0
Luis;Paz;luispaz228@example.com;;0
Carolina;Sánchez;carolinasanchez229@example.com;;0
Sergio;Flores;sergioflores230@example.com;;0
Laura;López;lauralopez231@example.com;;0
Andrés;Rojas;andresrojas232@example.com;;0
Sofía;García;sofiagarcia233@example.com;;0
Sebastián;Castro;sebastiancastro234@example.com;;0
Valentina;Soto;valentinasoto235@example.com;;0
Tomás;Molina;tomasmolina236@example.com;;0
Isabella;Vega;isabellavega237@example.com;;0
Matías;Pérez;matiasperez238@example.com;;0
Martina;Herrera;martinaherrera239@example.com;;0
Antonio;Martínez;antoniomartinez240@example.com;;0
María;Herrera;mariaherrera241@example.com;;0
Roberto;Pérez;robertoperez242@example.com;;0
Isabel;González;isabelgonzalez243@example.com;;0
Francisco;Vargas;franciscovargas244@example.com;;0
Elena;Sánchez;elenasanchez245@example.com;;0
Alejandro;Romero;alejandroromero246@example.com;;0
María;Morales;mariamorales247@example.com;;0
Pedro;Mendoza;pedromendoza248@example.com;;0
Raquel;García;raquelgarcia249@example.com;;0
Jorge;Flores;jorgeflores250@example.com;;0
Ana;Paz;anapaz251@example.com;;0
Carlos;Silva;carlossilva252@example.com;;0
María;Soto;mariasoto253@example.com;;0
Roberto;Hernández;robertohernandez254@example.com;;0
Laura;Gómez;lauragomez255@example.com;;0
Fernando;López;fernandolopez256@example.com;;0
Mónica;Castro;monicacastro257@example.com;;0
Gonzalo;Rojas;gonzalorojas258@example.com;;0
Valentina;Vega;valentinavega259@example.com;;0
Daniel;Sánchez;danielsanchez260@example.com;;0
Luisa;Flores;luisaflores261@example.com;;0
Diego;Molina;diegomolina262@example.com;;0
María;González;mariagonzalez263@example.com;;0
Sergio;Gómez;sergiogomez264@example.com;;0
Andrea;Herrera;andreaherrera265@example.com;;0
Pablo;Rojas;pablorojas266@example.com;;0
Carolina;García;carolinagarcia267@example.com;;0
Manuel;Pérez;manuelperez268@example.com;;0
Camila;Herrera;camilaherrera269@example.com;;0
Andrés;Aspiri;camilaherrera2AA69@example.com;;0
Juan;Ramírez;juanramirez276@example.com;;0
Sofía;Torres;sofiatorres277@example.com;;0
Andrés;Navarro;andresnavarro278@example.com;;0
Valeria;Guzmán;valeriaguzman279@example.com;;0
David;Ortega;davidortega280@example.com;;0
Gabriela;Ríos;gabrielarios281@example.com;;0
Óscar;Cortés;oscarcortes282@example.com;;0
Carolina;Delgado;carolinadelgado283@example.com;;0
Juan;Mendoza;juanmendoza284@example.com;;0
Ana;Vargas;anavargas285@example.com;;0
Miguel;Rojas;miguelrojas286@example.com;;0
Fernanda;Paz;fernandapaz287@example.com;;0
Sebastián;Castañeda;sebastiancastaneda288@example.com;;0
Camila;Sánchez;camilasanchez289@example.com;;0
Daniel;Pérez;danielperez290@example.com;;0
Alejandra;Hernández;alejandrahernandez291@example.com;;0
Diego;Luna;diegoluna292@example.com;;0
Sara;Gómez;saragomez293@example.com;;0
Adrián;Silva;adriansilva294@example.com;;0
Valentina;Delgado;valentinadelgado295@example.com;;0
Pedro;Castañeda;pedrocastaneda296@example.com;;0
Lucía;Vargas;luciavargas297@example.com;;0
Javier;Ortega;javierortega298@example.com;;0
María;Guzmán;mariaguzman299@example.com;;0
Andrea;Ríos;andrearíos300@example.com;;0
Rodrigo;Navarro;rodrigonavarro301@example.com;;0
Paula;Torres;paulatorres302@example.com;;0
Juan;Cortés;juancortés303@example.com;;0
Laura;Ramírez;lauraramírez304@example.com;;0
Cristian;Delgado;cristiandelgado305@example.com;;0
Javier;Santos;javiersantos031@example.com;;0
Marta;Herrera;martaherrera032@example.com;;0
Diego;Vargas;diegovargas033@example.com;;0
Sara;Giménez;saragimenez034@example.com;;0
Hugo;Fuentes;hugofuentes035@example.com;;0
Adriana;Cortés;adrianacortes036@example.com;;0
Gonzalo;Molina;gonzalomolina037@example.com;;0
Inés;Ortega;inesortega038@example.com;;0
Oscar;Silva;oscarsilva039@example.com;;0
Camila;Navarro;camilanavarro040@example.com;;0
Simón;González;simongonzalez041@example.com;;0
Valeria;Ríos;valeriarios042@example.com;;0
Santiago;Paz;santiagopaz043@example.com;;0
Alicia;Delgado;aliciadelgado044@example.com;;0
Tomás;Castañeda;tomascastañeda045@example.com;;0
Isabella;Sánchez;isabellasanchez046@example.com;;0
Mateo;Guzmán;mateoguzman047@example.com;;0
Lucía;Ortega;luciaortega048@example.com;;0
Manuel;Ramírez;manuelramirez049@example.com;;0
Isabel;Navarro;isabelnavarro050@example.com;;0
Héctor;Cortés;hectorcortes051@example.com;;0
Olivia;García;oliviagarcia052@example.com;;0
Juan;López;juanlopez053@example.com;;0
Natalia;Martínez;nataliamartinez054@example.com;;0
Lucas;Hernández;lucashernandez055@example.com;;0
Catalina;Gómez;catalinagomez056@example.com;;0
Sebastián;Rodríguez;sebastianrodriguez057@example.com;;0
Emma;Pérez;emmaperez058@example.com;;0
Benjamín;Gómez;benjamingomez059@example.com;;0
Mariana;Torres;marianatorres060@example.com;;0
Pablo;Mendoza;pablomendoza061@example.com;;0
Carolina;Ruiz;carolinaruiz062@example.com;;0
Daniel;Santana;danielsantana063@example.com;;0
Valentina;Cruz;valentinacruz064@example.com;;0
Andrés;Gallardo;andresgallardo065@example.com;;0
María;Escobar;mariaescobar066@example.com;;0
Pedro;Rojas;pedrorojas067@example.com;;0
Renata;Montoya;renatamontoya068@example.com;;0
Ignacio;Guzmán;ignacioguzman069@example.com;;0
Laura;Herrera;lauraherrera070@example.com;;0
Fernando;Salazar;fernandosalazar071@example.com;;0
Julia;Navarro;julianavarro072@example.com;;0
Mateo;Serrano;mateoserrano073@example.com;;0
Gabriela;Silva;gabrielasilva074@example.com;;0
Felipe;Molina;felipemolina075@example.com;;0
Alejandra;Ortega;alejandraortega076@example.com;;0
Diego;Paredes;diegoparedes077@example.com;;0
Catalina;Castro;catalinacastro078@example.com;;0
Sebastián;Campos;sebastiancampos079@example.com;;0
Isabella;García;isabellagarcia080@example.com;;0
José;Mendez;josemendez081@example.com;;0
Camila;Cortez;camilacortez082@example.com;;0
Matías;Vargas;matiasvargas083@example.com;;0
Valeria;Ríos;valeriarios084@example.com;;0
Santiago;Morales;santiagomorales085@example.com;;0
Victoria;Hernández;victoriahernandez086@example.com;;0
Gabriel;Cruz;gabrielcruz087@example.com;;0
María;López;marialopez088@example.com;;0
Benjamín;González;benjamingonzalez089@example.com;;0
Renata;Rojas;renatarojas090@example.com;;0
Juan;López;juanlopez091@example.com;;0
María;García;mariagarcia092@example.com;;0
Carlos;Martínez;carlosmartinez093@example.com;;0
Laura;Rodríguez;laurarodriguez094@example.com;;0
Pedro;Herrera;pedroherrera095@example.com;;0
Ana;Torres;anatorres096@example.com;;0
Alejandro;Ruiz;alejandroruiz097@example.com;;0
Sofía;Jiménez;sofiajimenez098@example.com;;0
Luis;Gómez;luisgomez099@example.com;;0
Elena;Díaz;elenadiaz100@example.com;;0
Jorge;Sánchez;jorgesanchez101@example.com;;0
Isabel;Lara;isabellara102@example.com;;0
Fernando;Cruz;fernandocruz103@example.com;;0
Mariana;Navarro;mariananavarro104@example.com;;0
Roberto;Ortega;robertoortega105@example.com;;0
Daniela;Vargas;danielavargas106@example.com;;0
Gustavo;Mendoza;gustavomendoza107@example.com;;0
Paola;Rojas;paolarojas108@example.com;;0
Ricardo;Gallardo;ricardogallardo109@example.com;;0
Carmen;Soto;carmensoto110@example.com;;0
Gabriel;Hernández;gabrielhernandez091@example.com;Aceite de oliva,Vinagre de vino blanco,Salsa de jalapeño;3
Valentina;Fernández;valentinafernandez092@example.com;Vinagre de arroz,Salsa de enchilada,Salsa de tomate;3
Javier;Ruíz;javierruiz093@example.com;Salsa barbacoa,Vino blanco,Carne picada;3
Camila;Gómez;camilagomez094@example.com;Salsa de queso,Salsa de tamarindo,Langostinos;3
Diego;Torres;diegotorres095@example.com;Salsa de chipotle,Cerveza,Salchichas;3
Lucía;Molina;luciamolina096@example.com;Salsa hoisin,Vino tinto,Mejillones;3
Andrés;Silva;andrésilva097@example.com;Salsa de soja,Caldo de pollo,Almejas;3
Valeria;Rojas;valeriarojas098@example.com;Salsa de chile,Caldo de carne,Calamares;3
Sebastián;Ortega;sebastianortega099@example.com;Vinagre de manzana,Caldo de pollo,Pulpo;3
Catalina;Vargas;catalinavargas100@example.com;Vinagre balsámico,Huevo,Salsa de tomate;3
Mateo;Mendez;mateomendez101@example.com;Leche evaporada,Piña,Salsa de queso;3
Isabella;Cruz;isabellacruz102@example.com;Crema de leche,Mango,Camarones;3
Emilia;Herrera;emiliaherrera103@example.com;Leche condensada,Piñones,Salsa de chipotle;3
Santiago;Lara;santiagolara104@example.com;Leche de coco,Nueces,Champán;3
Sara;González;saragonzalez105@example.com;Yogur,Avellanas,Vino espumoso;3
Benjamín;Ríos;benjaminrios106@example.com;Mayonesa,Pasas,Harina;3
Victoria;Vega;victoriavega107@example.com;Mostaza,Chocolate negro,Patatas;3
Ángel;Gutiérrez;angelgutierrez108@example.com;Mostaza Dijon,Chocolate con leche,Zanahorias;3
Natalia;Pérez;nataliaperez109@example.com;Mantequilla de maní,Piña,Salsa de soja;3
Lucas;Escobar;lucasescobar110@example.com;Mantequilla de almendra,Mango,Caldo de pollo;3
Julia;Pérez;juliaperez091@example.com;Vinagre de manzana,Albahaca,Piñones;3
Adrián;González;adriangonzalez092@example.com;Salsa de tomate,Almendras,Mostaza;3
Ana;Santos;anasantos093@example.com;Vinagre balsámico,Alcaparras,Pimientos;3
Pedro;Hernández;pedrohernandez094@example.com;Salsa de soja,Ajo,Caldo de pollo;3
Carolina;Silva;carolinasilva095@example.com;Salsa barbacoa,Acelga,Champiñones;3
Andrés;Martínez;andresmartinez096@example.com;Salsa de jalapeño,Anchoas,Cebolla;3
Laura;Molina;lauramolina097@example.com;Salsa de queso,Azúcar,Pepinillos;3
Gabriel;Vargas;gabrielvargas098@example.com;Salsa de chipotle,Berenjena,Perejil;3
Valentina;Gómez;valentinagomez099@example.com;Salsa de tamarindo,Cebollino,Pimientos;3
Santiago;Rojas;santiagorojas100@example.com;Salsa de chile,Champán,Piñones;3
María;Torres;mariatorres101@example.com;Salsa de enchilada,Chiles en escabeche,Perejil;3
Carlos;Ortega;carlosortega102@example.com;Salsa de queso,Chirimoya,Pimientos;3
Daniela;Méndez;danielamendez103@example.com;Salsa de soja,Coliflor,Pepinillos;3
Javier;Cruz;javiercruz104@example.com;Salsa de tomate,Espárragos,Perejil;3
Fernanda;Herrera;fernandaherrera105@example.com;Salsa de queso,Guisantes,Pimientos;3
Alejandro;Lara;alejandrolara106@example.com;Salsa de chipotle,Hinojo,Piñones;3
Isabella;Gutiérrez;isabellagutierrez107@example.com;Salsa de chile,Lechuga,Pepinillos;3
Mariana;Vega;marianavega108@example.com;Salsa de tamarindo,Limón,Pimientos;3
Camilo;Paredes;camiloparedes109@example.com;Salsa de enchilada,Mango,Perejil;3
Valeria;Ríos;valeriarios110@example.com;Salsa de tomate,Melón,Pimientos;3
Julian;Orozco;julianorozco111@example.com;Salsa de queso,Nabo,Pepinillos;3
Luciana;Cortés;lucianacortes112@example.com;Salsa de soja,Naranja,Pimientos;3
Diego;Gallardo;diegogallardo113@example.com;Salsa de tomate,Pan,Perejil;3
Valentina;Villalobos;valentinavillalobos114@example.com;Salsa de queso,Papa,Pimientos;3
Matías;Navarro;matiasnavarro115@example.com;Salsa de chipotle,Parmesano,Pepinillos;3
Daniela;Contreras;danielacontreras116@example.com;Salsa de chile,Pasta,Pimientos;3
Joaquín;Escalante;joaquinescalante117@example.com;Salsa de tamarindo,Patata,Perejil;3
Valeria;Molina;valeriamolina118@example.com;Salsa de enchilada,Pepino,Pimientos;3
Lucas;Cordero;lucascordero119@example.com;Salsa de tomate,Pera,Pepinillos;3
Mía;Cabrera;miacabrera120@example.com;Salsa de queso,Pepinillos,Pimientos;3
Sofía;Hernández;sofiahernandez121@example.com;Cebolla,Zanahoria,Tomate;3
Dylan;González;dylangonzalez122@example.com;Lechuga,Pepino,Apio;3
Valentina;Martínez;valentinamartinez123@example.com;Pimiento,Rúcula,Espinaca;3
Sebastián;López;sebastianlopez124@example.com;Cilantro,Pepinillos,Berenjena;3
Isabella;Torres;isabellatorres125@example.com;Puerro,Espárragos,Remolacha;3
Mateo;García;mateogarcia126@example.com;Apio,Espinaca,Pepino;3
Lucía;Silva;luciasilva127@example.com;Tomate,Zanahoria,Puerro;3
Benjamín;Rojas;benjaminrojas128@example.com;Berenjena,Espinaca,Rúcula;3
Emilia;Vargas;emiliavargas129@example.com;Cebolla,Tomate,Rúcula;3
Samuel;Molina;samuelmolina130@example.com;Remolacha,Pepinillos,Cilantro;3
Valeria;Herrera;valeriaherrera131@example.com;Espinaca,Puerro,Cilantro;3
Matías;Ortega;matiasortega132@example.com;Zanahoria,Rúcula,Berenjena;3
Luciana;Cruz;lucianacruz133@example.com;Pepinillos,Cilantro,Tomate;3
Joaquín;Gutiérrez;joaquingutierrez134@example.com;Rúcula,Berenjena,Puerro;3
María;Vega;mariavega135@example.com;Espinaca,Tomate,Pepinillos;3
Emilio;Gómez;emiliogomez136@example.com;Cilantro,Rúcula,Remolacha;3
Camila;Ríos;camilarios137@example.com;Berenjena,Pepinillos,Zanahoria;3
Santiago;Paredes;santiagoparedes138@example.com;Pepinillos,Espinaca,Tomate;3
Isabella;Navarro;isabellanavarro139@example.com;Rúcula,Pepinillos,Cebolla;3
Maximiliano;Cortés;maximilianocortes140@example.com;Berenjena,Cebolla,Espinaca;3
Lucía;Guerrero;luciaguerrero141@example.com;Pepinillos,Cilantro,Zanahoria;3
Benjamín;Villalobos;benjaminvillalobos142@example.com;Cebolla,Remolacha,Pepinillos;3
Valentina;Muñoz;valentinamunoz143@example.com;Espinaca,Tomate,Zanahoria;3
Matías;Soto;matiassoto144@example.com;Pepinillos,Berenjena,Cilantro;3
Isabella;Campos;isabellacampos145@example.com;Rúcula,Zanahoria,Tomate;3
Emilio;Herrera;emilioherrera146@example.com;Cebolla,Pepinillos,Remolacha;3
Camila;Aguilar;camilaaguilar147@example.com;Berenjena,Cebolla,Espinaca;3
Santiago;Ortiz;santiagoortiz148@example.com;Tomate,Pepinillos,Cilantro;3
Valeria;Delgado;valeriadelgado149@example.com;Rúcula,Berenjena,Pepinillos;3
Emilia;Paz;emiliapaz150@example.com;Pepinillos,Cilantro,Remolacha;3
Natalia;López;natalialopez@example.com;Perejil,Zanahoria,Espinaca;3
Diego;García;diegogarcia@example.com;Lechuga,Cilantro,Pepinillos;3
Valentina;Ramírez;valentinaramirez@example.com;Tomate,Pimiento,Rúcula;3
Sebastián;Martínez;sebastianmartinez@example.com;Puerro,Cebolla,Remolacha;3
Isabella;Torres;isabellatorres@example.com;Berenjena,Zanahoria,Tomate;3
Mateo;Vargas;mateovargas@example.com;Pepino,Apio,Espinaca;3
Lucía;Rojas;luciarojas@example.com;Pimiento,Rúcula,Cilantro;3
Benjamín;Silva;benjaminsilva@example.com;Cebolla,Tomate,Espinaca;3
Emilia;Molina;emiliamolina@example.com;Perejil,Pepinillos,Berenjena;3
Samuel;Herrera;samuelherrera@example.com;Pimiento,Espárragos,Puerro;3
Valeria;Gómez;valeriagomez@example.com;Lechuga,Pepino,Apio;3
Matías;Cruz;matiascruz@example.com;Tomate,Zanahoria,Espinaca;3
Luciana;Paredes;lucianaparedes@example.com;Perejil,Berenjena,Pepinillos;3
Joaquín;Vega;joaquinvega@example.com;Rúcula,Pimiento,Cilantro;3
María;Ortega;mariaortega@example.com;Cebolla,Espárragos,Remolacha;3
Emilio;Gutiérrez;emiliogutierrez@example.com;Pepino,Lechuga,Cilantro;3
Camila;Navarro;camilanavarro@example.com;Berenjena,Rúcula,Zanahoria;3
Santiago;Cortés;santiagocortes@example.com;Pimiento,Pepinillos,Espinaca;3
Isabella;Guerrero;isabellaguerrero@example.com;Tomate,Puerro,Cilantro;3
Maximiliano;Soto;maximilianosoto@example.com;Berenjena,Pepinillos,Espinaca;3
Lucía;Campos;luciacampos@example.com;Pimiento,Rúcula,Remolacha;3
Benjamín;Herrera;benjaminherrera@example.com;Cebolla,Pepinillos,Cilantro;3
Valentina;Villalobos;valentinavillalobos@example.com;Espinaca,Tomate,Zanahoria;3
Matías;Muñoz;matiasmunoz@example.com;Pepinillos,Berenjena,Cilantro;3
Emilia;Delgado;emiliadelgado@example.com;Rúcula,Zanahoria,Tomate;3
Camila;Herrera;camilaherrera@example.com;Cebolla,Pepinillos,Remolacha;3
Santiago;Aguilar;santiagoaguilar@example.com;Berenjena,Cebolla,Espinaca;3
Valeria;Ortiz;valeriaortiz@example.com;Tomate,Pepinillos,Cilantro;3
Emilio;Delgado;emiliodelgado@example.com;Rúcula,Berenjena,Pepinillos;3
Gabriel;Hernández;gabrielhernandez@example.com;Perejil,Zanahoria,Espinaca,Cilantro;4
Valentina;Gómez;valentinagomez@example.com;Lechuga,Cilantro,Pepinillos,Rúcula;4
Sebastián;Torres;sebastiantorres@example.com;Tomate,Pimiento,Rúcula,Cebolla;4
Isabella;Silva;isabellasilva@example.com;Puerro,Cebolla,Remolacha,Apio;4
Mateo;Molina;mateomolina@example.com;Berenjena,Zanahoria,Tomate,Espinaca;4
Lucía;García;lucíagarcia@example.com;Pepino,Apio,Espinaca,Pimiento;4
Benjamín;Rojas;benjaminrojas@example.com;Pimiento,Rúcula,Cilantro,Lechuga;4
Emilia;Vargas;emiliavargas@example.com;Cebolla,Tomate,Espinaca,Pepinillos;4
Samuel;Ramírez;samuelramirez@example.com;Perejil,Pepinillos,Berenjena,Remolacha;4
Valeria;Paredes;valeriaparedes@example.com;Pimiento,Espárragos,Puerro,Cilantro;4
Matías;Herrera;matiasherrera@example.com;Lechuga,Pepino,Apio,Espinaca;4
Luciana;Cruz;lucianacruz@example.com;Tomate,Zanahoria,Espinaca,Berenjena;4
Joaquín;Ortega;joaquinortega@example.com;Pepinillos,Rúcula,Cilantro,Pimiento;4
María;Gutiérrez;mariagutierrez@example.com;Cebolla,Espárragos,Remolacha,Lechuga;4
Emilio;Navarro;emilionavarro@example.com;Pepino,Lechuga,Cilantro,Berenjena;4
Camila;Cortés;camilacortes@example.com;Berenjena,Rúcula,Zanahoria,Tomate;4
Santiago;Silva;santiagosilva@example.com;Pimiento,Pepinillos,Espinaca,Puerro;4
Isabella;Campos;isabellacampos@example.com;Tomate,Puerro,Cilantro,Apio;4
Maximiliano;Aguilar;maximilianoaguilar@example.com;Berenjena,Pepinillos,Espinaca,Cebolla;4
Lucía;Ortiz;luciaortiz@example.com;Pimiento,Rúcula,Cilantro,Espárragos;4
Benjamín;Delgado;benjamindelgado@example.com;Pepinillos,Lechuga,Tomate,Cebolla;4
Valentina;Pérez;valentinaperez@example.com;Berenjena,Tomate,Rúcula,Cilantro;4
Sebastián;Herrera;sebastianherrera@example.com;Lechuga,Cebolla,Espinaca,Pepinillos;4
Isabella;Ramírez;isabellaramirez@example.com;Pimiento,Pepinillos,Remolacha,Cilantro;4
Mateo;Gómez;mateogomez@example.com;Cebolla,Zanahoria,Espinaca,Pepinillos;4
Emilia;Torres;emiliatorres@example.com;Rúcula,Tomate,Cilantro,Lechuga;4
Samuel;Vargas;samuelvargas@example.com;Pimiento,Espinaca,Berenjena,Remolacha;4
Valeria;Hernández;valeriahernandez@example.com;Lechuga,Cilantro,Pepinillos,Rúcula;4
Matías;Silva;matiassilva@example.com;Puerro,Cebolla,Tomate,Espinaca;4
Gabriela;Mendoza;gabrielamendoza@example.com;Perejil,Zanahoria,Espinaca,Cilantro;4
Valentín;Fuentes;valentinfuentes@example.com;Lechuga,Cilantro,Pepinillos,Rúcula;4
Sofía;Guerrero;sofiaguerrero@example.com;Tomate,Pimiento,Rúcula,Cebolla;4
Ismael;Nieto;ismaelnieto@example.com;Puerro,Cebolla,Remolacha,Apio;4
Luciano;Peralta;lucianoperalta@example.com;Berenjena,Zanahoria,Tomate,Espinaca;4
Benicia;Vargas;beniciavargas@example.com;Pepino,Apio,Espinaca,Pimiento;4
Emilio;Ríos;emiliorios@example.com;Pimiento,Rúcula,Cilantro,Lechuga;4
Mariana;Pérez;mariaperez@example.com;Cebolla,Tomate,Espinaca,Pepinillos;4
Santino;Sánchez;santinosanchez@example.com;Perejil,Pepinillos,Berenjena,Remolacha;4
Valeria;Herrera;valeriaherrera@example.com;Pimiento,Espárragos,Puerro,Cilantro;4
Matías;Vega;matiasvega@example.com;Lechuga,Pepino,Apio,Espinaca;4
Luciana;Rojas;lucianarojas@example.com;Tomate,Zanahoria,Espinaca,Berenjena;4
Joaquín;López;joaquinlopez@example.com;Pepinillos,Rúcula,Cilantro,Pimiento;4
María;Carrillo;mariacarrillo@example.com;Cebolla,Espárragos,Remolacha,Lechuga;4
Emilio;Vargas;emiliovargas@example.com;Pepino,Lechuga,Cilantro,Berenjena;4
Camila;Lara;camilalara@example.com;Berenjena,Rúcula,Zanahoria,Tomate;4
Santiago;Cortés;santiagocortes@example.com;Pimiento,Pepinillos,Espinaca,Puerro;4
Isabella;Velasco;isabellavelasco@example.com;Tomate,Puerro,Cilantro,Apio;4
Maximiliano;Ortega;maximilianoortega@example.com;Berenjena,Pepinillos,Espinaca,Cebolla;4
Lucía;Vargas;luciavargas@example.com;Pimiento,Rúcula,Cilantro,Pepino;4
Sebastián;López;sebastianlopez@example.com;Apio,Espinaca,Pepinillos,Berenjena;4
Valentina;Pineda;valentinapineda@example.com;Pimiento,Cebolla,Tomate,Espinaca;4
Alejandro;Soto;alejandrosoto@example.com;Pepinillos,Lechuga,Tomate,Cilantro;4
Martina;Olivares;martaolivares@example.com;Berenjena,Tomate,Rúcula,Cilantro;4
Emmanuel;Herrera;emmanuelherrera@example.com;Lechuga,Cebolla,Espinaca,Pepinillos;4
Rodrigo;Mendoza;rodrigomendoza@example.com;Perejil,Zanahoria,Espinaca,Cilantro;4
Valentina;Fuentes;valentinafuentes@example.com;Lechuga,Cilantro,Pepinillos,Rúcula;4
Isabella;Guerrero;isabellaguerrero@example.com;Tomate,Pimiento,Rúcula,Cebolla;4
Lucas;Nieto;lucasnieto@example.com;Puerro,Cebolla,Remolacha,Apio;4
Elena;Peralta;elenaperalta@example.com;Berenjena,Zanahoria,Tomate,Espinaca;4
Gabriela;Vargas;gabrielavargas@example.com;Pepino,Apio,Espinaca,Pimiento;4
Maximiliano;Ríos;maximilianorios@example.com;Pimiento,Rúcula,Cilantro,Lechuga;4
Camila;Pérez;camilaperez@example.com;Cebolla,Tomate,Espinaca,Pepinillos;4
Santiago;Sánchez;santiagosanchez@example.com;Perejil,Pepinillos,Berenjena,Remolacha;4
Valeria;Herrera;valeriaherrera@example.com;Pimiento,Espárragos,Puerro,Cilantro;4
Matías;Vega;matiasvega@example.com;Lechuga,Pepino,Apio,Espinaca;4
Luciana;Rojas;lucianarojas@example.com;Tomate,Zanahoria,Espinaca,Berenjena;4
Joaquín;López;joaquinlopez@example.com;Pepinillos,Rúcula,Cilantro,Pimiento;4
María;Carrillo;mariacarrillo@example.com;Cebolla,Espárragos,Remolacha,Lechuga;4
Emilio;Vargas;emiliovargas@example.com;Pepino,Lechuga,Cilantro,Berenjena;4
Daniela;Lara;danielalara@example.com;Berenjena,Rúcula,Zanahoria,Tomate;4
Sebastián;Cortés;sebastiancortes@example.com;Pimiento,Pepinillos,Espinaca,Puerro;4
Isabella;Velasco;isabellavelasco@example.com;Tomate,Puerro,Cilantro,Apio;4
Liam;Ortega;liamortega@example.com;Berenjena,Pepinillos,Espinaca,Cebolla;4
Lucía;Vargas;luciavargas@example.com;Pimiento,Rúcula,Cilantro,Lechuga;4
Julián;Peña;julianpena@example.com;Cebolla,Remolacha,Tomate,Espinaca;4
Valentina;Mendoza;valentinamendoza@example.com;Pepinillos,Cilantro,Espinaca,Berenjena;4
Sofía;Aguilar;sofiaaguilar@example.com;Tomate,Zanahoria,Espinaca,Pepino;4
Benjamín;Gómez;benjamingomez@example.com;Pimiento,Cilantro,Pepinillos,Lechuga;4
Valeria;Vera;valeriavera@example.com;Cebolla,Tomate,Espinaca,Pimiento;4
Andrés;López;andreslopez@example.com;Lechuga,Pimiento,Espinaca,Pepinillos,Berenjena;5
María;Santos;mariasantos@example.com;Tomate,Zanahoria,Espinaca,Berenjena,Cilantro;5
Juan;Hernández;juanhernandez@example.com;Pepino,Apio,Espinaca,Pimiento,Lechuga;5
Carolina;Torres;carolinatorres@example.com;Cebolla,Tomate,Espinaca,Pepinillos,Remolacha;5
Diego;Vargas;diegovargas@example.com;Perejil,Pepinillos,Remolacha,Lechuga,Cilantro;5
Valentina;Mendoza;valentinamendoza@example.com;Pimiento,Espárragos,Espinaca,Puerro,Lechuga;5
Sebastián;González;sebastiangonzalez@example.com;Cebolla,Remolacha,Tomate,Espinaca,Berenjena;5
Laura;Herrera;lauraherrera@example.com;Pepinillos,Rúcula,Cilantro,Pimiento,Lechuga;5
Daniel;Ríos;danielrios@example.com;Tomate,Pepinillos,Cilantro,Lechuga,Berenjena;5
Camila;Silva;camilasilva@example.com;Pimiento,Lechuga,Cilantro,Espinaca,Berenjena;5
Santiago;Guerrero;santiagoguerrero@example.com;Cebolla,Pepinillos,Rúcula,Cilantro,Tomate;5
Valeria;Ortega;valeriaortega@example.com;Berenjena,Pepinillos,Remolacha,Lechuga,Cilantro;5
José;Cortés;josecortes@example.com;Pimiento,Cilantro,Rúcula,Pepinillos,Lechuga;5
Isabella;Vargas;isabellavargas@example.com;Cebolla,Lechuga,Cilantro,Espinaca,Pimiento;5
Lucas;Nieto;lucasnieto@example.com;Tomate,Pepinillos,Espinaca,Berenjena,Cilantro;5
Ana;Paredes;anaparedes@example.com;Pimiento,Espinaca,Cilantro,Pepinillos,Lechuga;5
Elena;Vega;elenavega@example.com;Cebolla,Remolacha,Tomate,Espinaca,Berenjena;5
Gabriel;Rojas;gabrielrojas@example.com;Pepinillos,Rúcula,Cilantro,Pimiento,Lechuga;5
Valentina;Gómez;valentinagomez@example.com;Tomate,Lechuga,Cilantro,Espinaca,Berenjena;5
Alejandro;Lara;alejandrolara@example.com;Pimiento,Cebolla,Pepinillos,Lechuga,Cilantro;5
María;Pérez;mariaperez@example.com;Cebolla,Tomate,Pepinillos,Espinaca,Berenjena;5
Juan;Cabrera;juancabrera@example.com;Lechuga,Pimiento,Cilantro,Pepinillos,Remolacha;5
Carolina;Castillo;carolinacastillo@example.com;Tomate,Zanahoria,Espinaca,Berenjena,Cilantro;5
Diego;Rivas;diegorivas@example.com;Pepino,Apio,Espinaca,Pimiento,Lechuga;5
Valentina;Paz;valentinapaz@example.com;Cebolla,Tomate,Espinaca,Pepinillos,Remolacha;5
